age_slot,country,gender_slug,phototype_slug,protect,expo,count,protect_percent,expo_percent
20-39,INDIA,male,iii_iv,71,218,385,18.441558441558442,56.62337662337662
20-39,INDIA,male,i_ii,71,171,323,21.981424148606813,52.94117647058824
20-39,INDIA,male,v_vi,17,51,102,16.666666666666664,50.0
20-39,INDIA,female,iii_iv,94,236,383,24.54308093994778,61.61879895561357
20-39,INDIA,female,i_ii,83,208,384,21.614583333333336,54.166666666666664
20-39,INDIA,female,v_vi,13,29,62,20.967741935483872,46.774193548387096
20-39,SOUTH KOREA,male,iii_iv,16,174,262,6.106870229007633,66.41221374045801
20-39,SOUTH KOREA,male,i_ii,18,145,245,7.346938775510205,59.183673469387756
20-39,SOUTH KOREA,male,v_vi,1,8,11,9.090909090909092,72.72727272727273
20-39,SOUTH KOREA,female,iii_iv,16,148,235,6.808510638297872,62.97872340425532
20-39,SOUTH KOREA,female,i_ii,22,143,237,9.282700421940929,60.337552742616026
20-39,SOUTH KOREA,female,v_vi,0,6,14,0.0,42.857142857142854
20-39,AUSTRALIA,male,iii_iv,26,116,204,12.745098039215685,56.86274509803921
20-39,AUSTRALIA,male,i_ii,40,117,205,19.51219512195122,57.073170731707314
20-39,AUSTRALIA,male,v_vi,8,20,40,20.0,50.0
20-39,AUSTRALIA,female,iii_iv,32,101,160,20.0,63.125
20-39,AUSTRALIA,female,i_ii,48,122,211,22.748815165876778,57.81990521327014
20-39,AUSTRALIA,female,v_vi,3,14,21,14.285714285714285,66.66666666666666
20-39,CHINA,male,iii_iv,100,381,816,12.254901960784313,46.69117647058824
20-39,CHINA,male,i_ii,39,140,317,12.302839116719243,44.164037854889585
20-39,CHINA,male,v_vi,8,42,121,6.6115702479338845,34.710743801652896
20-39,CHINA,female,iii_iv,101,285,688,14.680232558139537,41.424418604651166
20-39,CHINA,female,i_ii,75,195,528,14.204545454545455,36.93181818181818
20-39,CHINA,female,v_vi,4,14,59,6.779661016949152,23.728813559322035
20-39,ITALY,male,iii_iv,34,149,277,12.274368231046932,53.79061371841155
20-39,ITALY,male,i_ii,60,171,342,17.543859649122805,50.0
20-39,ITALY,male,v_vi,2,8,21,9.523809523809524,38.095238095238095
20-39,ITALY,female,iii_iv,63,123,232,27.155172413793103,53.01724137931034
20-39,ITALY,female,i_ii,76,185,408,18.627450980392158,45.34313725490196
20-39,ITALY,female,v_vi,2,6,11,18.181818181818183,54.54545454545454
20-39,DENMARK,male,iii_iv,9,38,59,15.254237288135593,64.40677966101694
20-39,DENMARK,male,i_ii,18,71,132,13.636363636363635,53.78787878787878
20-39,DENMARK,male,v_vi,1,7,15,6.666666666666667,46.666666666666664
20-39,DENMARK,female,iii_iv,5,23,38,13.157894736842104,60.526315789473685
20-39,DENMARK,female,i_ii,31,94,144,21.52777777777778,65.27777777777779
20-39,DENMARK,female,v_vi,0,2,5,0.0,40.0
20-39,POLAND,male,iii_iv,7,69,162,4.320987654320987,42.592592592592595
20-39,POLAND,male,i_ii,33,148,314,10.509554140127388,47.13375796178344
20-39,POLAND,male,v_vi,1,2,9,11.11111111111111,22.22222222222222
20-39,POLAND,female,iii_iv,21,68,141,14.893617021276595,48.226950354609926
20-39,POLAND,female,i_ii,46,140,344,13.372093023255813,40.69767441860465
20-39,POLAND,female,v_vi,1,3,5,20.0,60.0
20-39,CANADA,male,iii_iv,26,119,204,12.745098039215685,58.333333333333336
20-39,CANADA,male,i_ii,21,102,213,9.859154929577464,47.88732394366197
20-39,CANADA,male,v_vi,6,28,51,11.76470588235294,54.90196078431373
20-39,CANADA,female,iii_iv,27,86,170,15.88235294117647,50.588235294117645
20-39,CANADA,female,i_ii,34,131,246,13.821138211382115,53.2520325203252
20-39,CANADA,female,v_vi,1,9,25,4.0,36.0
20-39,MEXICO,male,iii_iv,47,261,411,11.435523114355231,63.503649635036496
20-39,MEXICO,male,i_ii,23,105,189,12.16931216931217,55.55555555555556
20-39,MEXICO,male,v_vi,8,38,65,12.307692307692308,58.46153846153847
20-39,MEXICO,female,iii_iv,79,302,491,16.08961303462322,61.5071283095723
20-39,MEXICO,female,i_ii,53,134,201,26.368159203980102,66.66666666666666
20-39,MEXICO,female,v_vi,9,27,48,18.75,56.25
20-39,FRANCE,male,iii_iv,43,143,275,15.636363636363637,52.0
20-39,FRANCE,male,i_ii,48,183,353,13.59773371104816,51.84135977337111
20-39,FRANCE,male,v_vi,5,30,65,7.6923076923076925,46.15384615384615
20-39,FRANCE,female,iii_iv,38,108,233,16.30901287553648,46.3519313304721
20-39,FRANCE,female,i_ii,73,168,411,17.761557177615572,40.87591240875913
20-39,FRANCE,female,v_vi,6,21,44,13.636363636363635,47.72727272727273
20-39,GERMANY,male,iii_iv,19,105,204,9.313725490196079,51.470588235294116
20-39,GERMANY,male,i_ii,48,237,462,10.38961038961039,51.298701298701296
20-39,GERMANY,male,v_vi,3,11,26,11.538461538461538,42.30769230769231
20-39,GERMANY,female,iii_iv,30,109,179,16.75977653631285,60.893854748603346
20-39,GERMANY,female,i_ii,65,239,451,14.412416851441243,52.993348115299334
20-39,GERMANY,female,v_vi,2,12,16,12.5,75.0
20-39,ISRAEL,male,iii_iv,9,79,124,7.258064516129033,63.70967741935484
20-39,ISRAEL,male,i_ii,12,63,94,12.76595744680851,67.02127659574468
20-39,ISRAEL,male,v_vi,2,14,20,10.0,70.0
20-39,ISRAEL,female,iii_iv,8,56,110,7.2727272727272725,50.90909090909091
20-39,ISRAEL,female,i_ii,12,56,111,10.81081081081081,50.45045045045045
20-39,ISRAEL,female,v_vi,3,9,11,27.27272727272727,81.81818181818183
20-39,BRAZIL,male,iii_iv,73,223,495,14.747474747474747,45.05050505050505
20-39,BRAZIL,male,i_ii,73,152,312,23.397435897435898,48.717948717948715
20-39,BRAZIL,male,v_vi,20,57,139,14.388489208633093,41.007194244604314
20-39,BRAZIL,female,iii_iv,100,202,562,17.793594306049823,35.94306049822064
20-39,BRAZIL,female,i_ii,74,144,371,19.946091644204852,38.81401617250674
20-39,BRAZIL,female,v_vi,19,43,117,16.23931623931624,36.75213675213676
20-39,UNITED STATES,male,iii_iv,39,215,341,11.436950146627565,63.049853372434015
20-39,UNITED STATES,male,i_ii,55,263,475,11.578947368421053,55.368421052631575
20-39,UNITED STATES,male,v_vi,16,119,174,9.195402298850574,68.39080459770115
20-39,UNITED STATES,female,iii_iv,38,199,323,11.76470588235294,61.60990712074303
20-39,UNITED STATES,female,i_ii,107,340,577,18.544194107452338,58.925476603119584
20-39,UNITED STATES,female,v_vi,12,53,104,11.538461538461538,50.96153846153846
20-39,SPAIN,male,iii_iv,39,164,316,12.341772151898734,51.89873417721519
20-39,SPAIN,male,i_ii,58,177,360,16.11111111111111,49.166666666666664
20-39,SPAIN,male,v_vi,8,25,58,13.793103448275861,43.103448275862064
20-39,SPAIN,female,iii_iv,93,188,339,27.43362831858407,55.45722713864307
20-39,SPAIN,female,i_ii,90,187,402,22.388059701492537,46.517412935323385
20-39,SPAIN,female,v_vi,3,11,34,8.823529411764707,32.35294117647059
20-39,SOUTH AFRICA,male,iii_iv,9,86,124,7.258064516129033,69.35483870967742
20-39,SOUTH AFRICA,male,i_ii,6,20,34,17.647058823529413,58.82352941176471
20-39,SOUTH AFRICA,male,v_vi,12,84,123,9.75609756097561,68.29268292682927
20-39,SOUTH AFRICA,female,iii_iv,20,94,155,12.903225806451612,60.64516129032258
20-39,SOUTH AFRICA,female,i_ii,6,28,53,11.320754716981133,52.83018867924528
20-39,SOUTH AFRICA,female,v_vi,10,42,78,12.82051282051282,53.84615384615385
20-39,KENYA,male,iii_iv,0,30,42,0.0,71.42857142857143
20-39,KENYA,male,i_ii,1,5,13,7.6923076923076925,38.46153846153847
20-39,KENYA,male,v_vi,6,87,131,4.580152671755725,66.41221374045801
20-39,KENYA,female,iii_iv,7,51,65,10.76923076923077,78.46153846153847
20-39,KENYA,female,i_ii,2,4,5,40.0,80.0
20-39,KENYA,female,v_vi,9,76,119,7.563025210084033,63.86554621848739
20-39,UNITED ARAB EMIRATES,male,iii_iv,13,73,158,8.227848101265822,46.20253164556962
20-39,UNITED ARAB EMIRATES,male,i_ii,28,82,160,17.5,51.24999999999999
20-39,UNITED ARAB EMIRATES,male,v_vi,8,22,43,18.6046511627907,51.162790697674424
20-39,UNITED ARAB EMIRATES,female,iii_iv,14,41,71,19.718309859154928,57.74647887323944
20-39,UNITED ARAB EMIRATES,female,i_ii,19,37,95,20.0,38.94736842105263
20-39,UNITED ARAB EMIRATES,female,v_vi,0,1,5,0.0,20.0
20-39,PORTUGAL,male,iii_iv,12,46,97,12.371134020618557,47.42268041237113
20-39,PORTUGAL,male,i_ii,7,23,63,11.11111111111111,36.507936507936506
20-39,PORTUGAL,male,v_vi,1,3,10,10.0,30.0
20-39,PORTUGAL,female,iii_iv,18,36,93,19.35483870967742,38.70967741935484
20-39,PORTUGAL,female,i_ii,7,31,91,7.6923076923076925,34.065934065934066
20-39,PORTUGAL,female,v_vi,2,5,9,22.22222222222222,55.55555555555556
20-39,SENEGAL,male,iii_iv,1,10,19,5.263157894736842,52.63157894736842
20-39,SENEGAL,male,i_ii,1,3,7,14.285714285714285,42.857142857142854
20-39,SENEGAL,male,v_vi,3,37,73,4.10958904109589,50.68493150684932
20-39,SENEGAL,female,iii_iv,1,8,22,4.545454545454546,36.36363636363637
20-39,SENEGAL,female,i_ii,1,3,6,16.666666666666664,50.0
20-39,SENEGAL,female,v_vi,1,43,84,1.1904761904761905,51.19047619047619
40-59,INDIA,male,iii_iv,17,141,249,6.827309236947792,56.62650602409639
40-59,INDIA,male,i_ii,23,71,153,15.032679738562091,46.40522875816993
40-59,INDIA,male,v_vi,6,25,58,10.344827586206897,43.103448275862064
40-59,INDIA,female,iii_iv,33,115,206,16.019417475728158,55.8252427184466
40-59,INDIA,female,i_ii,51,93,171,29.82456140350877,54.385964912280706
40-59,INDIA,female,v_vi,6,13,29,20.689655172413794,44.827586206896555
40-59,SOUTH KOREA,male,iii_iv,13,270,362,3.591160220994475,74.58563535911603
40-59,SOUTH KOREA,male,i_ii,12,104,174,6.896551724137931,59.77011494252874
40-59,SOUTH KOREA,male,v_vi,2,14,20,10.0,70.0
40-59,SOUTH KOREA,female,iii_iv,23,221,337,6.824925816023739,65.57863501483679
40-59,SOUTH KOREA,female,i_ii,13,106,175,7.428571428571429,60.57142857142858
40-59,SOUTH KOREA,female,v_vi,1,15,22,4.545454545454546,68.18181818181817
40-59,AUSTRALIA,male,iii_iv,9,72,122,7.377049180327869,59.01639344262295
40-59,AUSTRALIA,male,i_ii,20,73,150,13.333333333333334,48.66666666666667
40-59,AUSTRALIA,male,v_vi,1,10,15,6.666666666666667,66.66666666666666
40-59,AUSTRALIA,female,iii_iv,19,60,128,14.84375,46.875
40-59,AUSTRALIA,female,i_ii,31,93,193,16.06217616580311,48.18652849740933
40-59,AUSTRALIA,female,v_vi,0,0,10,0.0,0.0
40-59,CHINA,male,iii_iv,35,207,575,6.086956521739131,36.0
40-59,CHINA,male,i_ii,21,82,208,10.096153846153847,39.42307692307692
40-59,CHINA,male,v_vi,8,60,151,5.298013245033113,39.735099337748345
40-59,CHINA,female,iii_iv,39,149,516,7.55813953488372,28.875968992248062
40-59,CHINA,female,i_ii,38,90,286,13.286713286713287,31.46853146853147
40-59,CHINA,female,v_vi,2,19,75,2.666666666666667,25.333333333333336
40-59,ITALY,male,iii_iv,59,226,440,13.40909090909091,51.36363636363637
40-59,ITALY,male,i_ii,57,172,373,15.281501340482572,46.11260053619303
40-59,ITALY,male,v_vi,2,8,19,10.526315789473683,42.10526315789473
40-59,ITALY,female,iii_iv,79,149,340,23.235294117647058,43.8235294117647
40-59,ITALY,female,i_ii,94,159,494,19.02834008097166,32.18623481781376
40-59,ITALY,female,v_vi,2,5,19,10.526315789473683,26.31578947368421
40-59,DENMARK,male,iii_iv,4,32,48,8.333333333333332,66.66666666666666
40-59,DENMARK,male,i_ii,11,62,113,9.734513274336283,54.86725663716814
40-59,DENMARK,male,v_vi,1,4,6,16.666666666666664,66.66666666666666
40-59,DENMARK,female,iii_iv,7,29,46,15.217391304347828,63.04347826086957
40-59,DENMARK,female,i_ii,23,75,126,18.253968253968253,59.523809523809526
40-59,DENMARK,female,v_vi,0,1,5,0.0,20.0
40-59,POLAND,male,iii_iv,13,84,207,6.280193236714976,40.57971014492754
40-59,POLAND,male,i_ii,19,91,215,8.837209302325581,42.32558139534884
40-59,POLAND,male,v_vi,0,3,10,0.0,30.0
40-59,POLAND,female,iii_iv,22,70,188,11.702127659574469,37.234042553191486
40-59,POLAND,female,i_ii,26,86,243,10.699588477366255,35.390946502057616
40-59,POLAND,female,v_vi,1,3,8,12.5,37.5
40-59,CANADA,male,iii_iv,19,114,198,9.595959595959595,57.57575757575758
40-59,CANADA,male,i_ii,22,106,218,10.091743119266056,48.62385321100918
40-59,CANADA,male,v_vi,2,11,24,8.333333333333332,45.83333333333333
40-59,CANADA,female,iii_iv,23,72,161,14.285714285714285,44.72049689440994
40-59,CANADA,female,i_ii,38,128,255,14.901960784313726,50.19607843137255
40-59,CANADA,female,v_vi,2,9,15,13.333333333333334,60.0
40-59,MEXICO,male,iii_iv,18,148,231,7.792207792207792,64.06926406926407
40-59,MEXICO,male,i_ii,13,55,115,11.304347826086957,47.82608695652174
40-59,MEXICO,male,v_vi,6,26,39,15.384615384615385,66.66666666666666
40-59,MEXICO,female,iii_iv,38,154,260,14.615384615384617,59.23076923076923
40-59,MEXICO,female,i_ii,18,51,125,14.399999999999999,40.8
40-59,MEXICO,female,v_vi,2,15,30,6.666666666666667,50.0
40-59,FRANCE,male,iii_iv,40,178,375,10.666666666666668,47.46666666666667
40-59,FRANCE,male,i_ii,28,106,287,9.75609756097561,36.933797909407666
40-59,FRANCE,male,v_vi,2,12,33,6.0606060606060606,36.36363636363637
40-59,FRANCE,female,iii_iv,52,114,303,17.16171617161716,37.62376237623762
40-59,FRANCE,female,i_ii,58,129,436,13.302752293577983,29.587155963302752
40-59,FRANCE,female,v_vi,1,9,18,5.555555555555555,50.0
40-59,GERMANY,male,iii_iv,24,147,294,8.16326530612245,50.0
40-59,GERMANY,male,i_ii,48,221,457,10.50328227571116,48.35886214442014
40-59,GERMANY,male,v_vi,2,7,13,15.384615384615385,53.84615384615385
40-59,GERMANY,female,iii_iv,35,117,213,16.431924882629108,54.929577464788736
40-59,GERMANY,female,i_ii,75,239,531,14.124293785310735,45.00941619585687
40-59,GERMANY,female,v_vi,0,4,9,0.0,44.44444444444444
40-59,ISRAEL,male,iii_iv,7,45,92,7.608695652173914,48.91304347826087
40-59,ISRAEL,male,i_ii,8,21,56,14.285714285714285,37.5
40-59,ISRAEL,male,v_vi,4,10,13,30.76923076923077,76.92307692307693
40-59,ISRAEL,female,iii_iv,7,39,81,8.641975308641975,48.148148148148145
40-59,ISRAEL,female,i_ii,13,37,78,16.666666666666664,47.43589743589743
40-59,ISRAEL,female,v_vi,3,5,10,30.0,50.0
40-59,BRAZIL,male,iii_iv,25,130,350,7.142857142857142,37.142857142857146
40-59,BRAZIL,male,i_ii,26,79,211,12.322274881516588,37.44075829383886
40-59,BRAZIL,male,v_vi,16,37,93,17.20430107526882,39.784946236559136
40-59,BRAZIL,female,iii_iv,68,135,374,18.181818181818183,36.096256684491976
40-59,BRAZIL,female,i_ii,41,76,239,17.154811715481173,31.799163179916317
40-59,BRAZIL,female,v_vi,7,18,63,11.11111111111111,28.57142857142857
40-59,UNITED STATES,male,iii_iv,33,228,353,9.34844192634561,64.58923512747874
40-59,UNITED STATES,male,i_ii,41,218,389,10.539845758354756,56.041131105398456
40-59,UNITED STATES,male,v_vi,5,35,74,6.756756756756757,47.2972972972973
40-59,UNITED STATES,female,iii_iv,39,178,308,12.662337662337661,57.7922077922078
40-59,UNITED STATES,female,i_ii,73,279,542,13.468634686346864,51.476014760147606
40-59,UNITED STATES,female,v_vi,4,26,60,6.666666666666667,43.333333333333336
40-59,SPAIN,male,iii_iv,59,214,414,14.251207729468598,51.690821256038646
40-59,SPAIN,male,i_ii,62,175,369,16.802168021680217,47.425474254742554
40-59,SPAIN,male,v_vi,10,30,50,20.0,60.0
40-59,SPAIN,female,iii_iv,100,178,403,24.81389578163772,44.168734491315135
40-59,SPAIN,female,i_ii,85,156,401,21.197007481296758,38.90274314214464
40-59,SPAIN,female,v_vi,5,12,32,15.625,37.5
40-59,SOUTH AFRICA,male,iii_iv,4,37,64,6.25,57.8125
40-59,SOUTH AFRICA,male,i_ii,4,19,29,13.793103448275861,65.51724137931035
40-59,SOUTH AFRICA,male,v_vi,4,26,37,10.81081081081081,70.27027027027027
40-59,SOUTH AFRICA,female,iii_iv,7,46,74,9.45945945945946,62.16216216216216
40-59,SOUTH AFRICA,female,i_ii,5,25,56,8.928571428571429,44.642857142857146
40-59,SOUTH AFRICA,female,v_vi,0,11,19,0.0,57.89473684210527
40-59,KENYA,male,iii_iv,0,6,10,0.0,60.0
40-59,KENYA,male,i_ii,0,0,0,0.0,0.0
40-59,KENYA,male,v_vi,1,23,29,3.4482758620689653,79.3103448275862
40-59,KENYA,female,iii_iv,2,9,19,10.526315789473683,47.368421052631575
40-59,KENYA,female,i_ii,0,1,2,0.0,50.0
40-59,KENYA,female,v_vi,0,16,26,0.0,61.53846153846154
40-59,UNITED ARAB EMIRATES,male,iii_iv,5,39,74,6.756756756756757,52.702702702702695
40-59,UNITED ARAB EMIRATES,male,i_ii,6,25,54,11.11111111111111,46.2962962962963
40-59,UNITED ARAB EMIRATES,male,v_vi,1,2,7,14.285714285714285,28.57142857142857
40-59,UNITED ARAB EMIRATES,female,iii_iv,8,18,31,25.806451612903224,58.06451612903226
40-59,UNITED ARAB EMIRATES,female,i_ii,6,11,25,24.0,44.0
40-59,UNITED ARAB EMIRATES,female,v_vi,2,2,2,100.0,100.0
40-59,PORTUGAL,male,iii_iv,7,52,137,5.109489051094891,37.95620437956204
40-59,PORTUGAL,male,i_ii,11,27,63,17.46031746031746,42.857142857142854
40-59,PORTUGAL,male,v_vi,0,1,4,0.0,25.0
40-59,PORTUGAL,female,iii_iv,14,44,110,12.727272727272727,40.0
40-59,PORTUGAL,female,i_ii,15,28,106,14.150943396226415,26.41509433962264
40-59,PORTUGAL,female,v_vi,0,1,2,0.0,50.0
40-59,SENEGAL,male,iii_iv,0,3,4,0.0,75.0
40-59,SENEGAL,male,i_ii,0,0,1,0.0,0.0
40-59,SENEGAL,male,v_vi,0,6,21,0.0,28.57142857142857
40-59,SENEGAL,female,iii_iv,0,3,5,0.0,60.0
40-59,SENEGAL,female,i_ii,0,0,1,0.0,0.0
40-59,SENEGAL,female,v_vi,0,9,18,0.0,50.0
60-85,INDIA,male,iii_iv,9,39,84,10.714285714285714,46.42857142857143
60-85,INDIA,male,i_ii,6,21,36,16.666666666666664,58.333333333333336
60-85,INDIA,male,v_vi,3,6,14,21.428571428571427,42.857142857142854
60-85,INDIA,female,iii_iv,7,16,37,18.91891891891892,43.24324324324324
60-85,INDIA,female,i_ii,5,8,27,18.51851851851852,29.629629629629626
60-85,INDIA,female,v_vi,2,3,5,40.0,60.0
60-85,SOUTH KOREA,male,iii_iv,1,85,112,0.8928571428571428,75.89285714285714
60-85,SOUTH KOREA,male,i_ii,2,29,45,4.444444444444445,64.44444444444444
60-85,SOUTH KOREA,male,v_vi,1,8,8,12.5,100.0
60-85,SOUTH KOREA,female,iii_iv,8,65,93,8.60215053763441,69.89247311827957
60-85,SOUTH KOREA,female,i_ii,5,31,49,10.204081632653061,63.26530612244898
60-85,SOUTH KOREA,female,v_vi,1,6,11,9.090909090909092,54.54545454545454
60-85,AUSTRALIA,male,iii_iv,8,57,114,7.017543859649122,50.0
60-85,AUSTRALIA,male,i_ii,13,52,91,14.285714285714285,57.14285714285714
60-85,AUSTRALIA,male,v_vi,0,2,3,0.0,66.66666666666666
60-85,AUSTRALIA,female,iii_iv,4,39,94,4.25531914893617,41.48936170212766
60-85,AUSTRALIA,female,i_ii,14,48,111,12.612612612612612,43.24324324324324
60-85,AUSTRALIA,female,v_vi,0,0,2,0.0,0.0
60-85,CHINA,male,iii_iv,3,52,140,2.142857142857143,37.142857142857146
60-85,CHINA,male,i_ii,2,22,50,4.0,44.0
60-85,CHINA,male,v_vi,0,15,59,0.0,25.423728813559322
60-85,CHINA,female,iii_iv,7,32,80,8.75,40.0
60-85,CHINA,female,i_ii,7,13,53,13.20754716981132,24.528301886792452
60-85,CHINA,female,v_vi,3,11,21,14.285714285714285,52.38095238095239
60-85,ITALY,male,iii_iv,28,125,249,11.244979919678714,50.20080321285141
60-85,ITALY,male,i_ii,27,75,164,16.463414634146343,45.73170731707317
60-85,ITALY,male,v_vi,2,5,13,15.384615384615385,38.46153846153847
60-85,ITALY,female,iii_iv,22,69,206,10.679611650485436,33.49514563106796
60-85,ITALY,female,i_ii,30,70,244,12.295081967213115,28.688524590163933
60-85,ITALY,female,v_vi,0,2,8,0.0,25.0
60-85,DENMARK,male,iii_iv,6,28,44,13.636363636363635,63.63636363636363
60-85,DENMARK,male,i_ii,2,23,58,3.4482758620689653,39.6551724137931
60-85,DENMARK,male,v_vi,0,0,0,0.0,0.0
60-85,DENMARK,female,iii_iv,4,24,37,10.81081081081081,64.86486486486487
60-85,DENMARK,female,i_ii,11,43,71,15.492957746478872,60.56338028169014
60-85,DENMARK,female,v_vi,0,0,1,0.0,0.0
60-85,POLAND,male,iii_iv,6,42,120,5.0,35.0
60-85,POLAND,male,i_ii,6,44,112,5.357142857142857,39.285714285714285
60-85,POLAND,male,v_vi,1,3,8,12.5,37.5
60-85,POLAND,female,iii_iv,11,44,130,8.461538461538462,33.84615384615385
60-85,POLAND,female,i_ii,12,61,147,8.16326530612245,41.49659863945578
60-85,POLAND,female,v_vi,0,1,3,0.0,33.33333333333333
60-85,CANADA,male,iii_iv,13,93,160,8.125,58.12500000000001
60-85,CANADA,male,i_ii,13,79,137,9.48905109489051,57.66423357664233
60-85,CANADA,male,v_vi,0,3,6,0.0,50.0
60-85,CANADA,female,iii_iv,16,51,108,14.814814814814813,47.22222222222222
60-85,CANADA,female,i_ii,24,79,170,14.117647058823529,46.470588235294116
60-85,CANADA,female,v_vi,0,0,3,0.0,0.0
60-85,MEXICO,male,iii_iv,1,18,42,2.380952380952381,42.857142857142854
60-85,MEXICO,male,i_ii,0,9,16,0.0,56.25
60-85,MEXICO,male,v_vi,1,5,11,9.090909090909092,45.45454545454545
60-85,MEXICO,female,iii_iv,5,17,41,12.195121951219512,41.46341463414634
60-85,MEXICO,female,i_ii,3,7,20,15.0,35.0
60-85,MEXICO,female,v_vi,0,2,3,0.0,66.66666666666666
60-85,FRANCE,male,iii_iv,14,100,269,5.204460966542751,37.174721189591075
60-85,FRANCE,male,i_ii,14,52,150,9.333333333333334,34.66666666666667
60-85,FRANCE,male,v_vi,1,9,20,5.0,45.0
60-85,FRANCE,female,iii_iv,23,58,220,10.454545454545453,26.36363636363636
60-85,FRANCE,female,i_ii,20,47,254,7.874015748031496,18.503937007874015
60-85,FRANCE,female,v_vi,0,2,10,0.0,20.0
60-85,GERMANY,male,iii_iv,18,125,212,8.49056603773585,58.9622641509434
60-85,GERMANY,male,i_ii,22,113,234,9.401709401709402,48.29059829059829
60-85,GERMANY,male,v_vi,0,9,12,0.0,75.0
60-85,GERMANY,female,iii_iv,27,89,180,15.0,49.44444444444444
60-85,GERMANY,female,i_ii,37,133,306,12.091503267973856,43.4640522875817
60-85,GERMANY,female,v_vi,0,2,6,0.0,33.33333333333333
60-85,ISRAEL,male,iii_iv,2,17,39,5.128205128205128,43.58974358974359
60-85,ISRAEL,male,i_ii,1,5,16,6.25,31.25
60-85,ISRAEL,male,v_vi,0,3,8,0.0,37.5
60-85,ISRAEL,female,iii_iv,5,17,38,13.157894736842104,44.73684210526316
60-85,ISRAEL,female,i_ii,2,7,27,7.4074074074074066,25.925925925925924
60-85,ISRAEL,female,v_vi,0,0,2,0.0,0.0
60-85,BRAZIL,male,iii_iv,11,43,140,7.857142857142857,30.714285714285715
60-85,BRAZIL,male,i_ii,4,16,69,5.797101449275362,23.18840579710145
60-85,BRAZIL,male,v_vi,1,8,35,2.857142857142857,22.857142857142858
60-85,BRAZIL,female,iii_iv,11,24,96,11.458333333333332,25.0
60-85,BRAZIL,female,i_ii,7,23,81,8.641975308641975,28.39506172839506
60-85,BRAZIL,female,v_vi,2,3,14,14.285714285714285,21.428571428571427
60-85,UNITED STATES,male,iii_iv,12,177,273,4.395604395604396,64.83516483516483
60-85,UNITED STATES,male,i_ii,25,140,238,10.504201680672269,58.82352941176471
60-85,UNITED STATES,male,v_vi,2,14,25,8.0,56.00000000000001
60-85,UNITED STATES,female,iii_iv,18,107,185,9.72972972972973,57.83783783783784
60-85,UNITED STATES,female,i_ii,30,133,284,10.56338028169014,46.83098591549296
60-85,UNITED STATES,female,v_vi,1,4,9,11.11111111111111,44.44444444444444
60-85,SPAIN,male,iii_iv,19,80,167,11.377245508982035,47.90419161676647
60-85,SPAIN,male,i_ii,21,57,124,16.93548387096774,45.96774193548387
60-85,SPAIN,male,v_vi,2,8,14,14.285714285714285,57.14285714285714
60-85,SPAIN,female,iii_iv,30,74,168,17.857142857142858,44.047619047619044
60-85,SPAIN,female,i_ii,38,69,178,21.34831460674157,38.764044943820224
60-85,SPAIN,female,v_vi,3,4,15,20.0,26.666666666666668
60-85,SOUTH AFRICA,male,iii_iv,1,13,15,6.666666666666667,86.66666666666667
60-85,SOUTH AFRICA,male,i_ii,2,9,16,12.5,56.25
60-85,SOUTH AFRICA,male,v_vi,0,6,7,0.0,85.71428571428571
60-85,SOUTH AFRICA,female,iii_iv,4,11,18,22.22222222222222,61.111111111111114
60-85,SOUTH AFRICA,female,i_ii,3,15,34,8.823529411764707,44.11764705882353
60-85,SOUTH AFRICA,female,v_vi,1,4,5,20.0,80.0
60-85,KENYA,male,iii_iv,0,0,2,0.0,0.0
60-85,KENYA,male,i_ii,0,0,0,0.0,0.0
60-85,KENYA,male,v_vi,0,0,1,0.0,0.0
60-85,KENYA,female,iii_iv,0,0,0,0.0,0.0
60-85,KENYA,female,i_ii,0,0,0,0.0,0.0
60-85,KENYA,female,v_vi,0,2,2,0.0,100.0
60-85,UNITED ARAB EMIRATES,male,iii_iv,0,2,5,0.0,40.0
60-85,UNITED ARAB EMIRATES,male,i_ii,0,0,2,0.0,0.0
60-85,UNITED ARAB EMIRATES,male,v_vi,0,0,0,0.0,0.0
60-85,UNITED ARAB EMIRATES,female,iii_iv,0,0,0,0.0,0.0
60-85,UNITED ARAB EMIRATES,female,i_ii,0,0,0,0.0,0.0
60-85,UNITED ARAB EMIRATES,female,v_vi,0,0,0,0.0,0.0
60-85,PORTUGAL,male,iii_iv,4,19,55,7.2727272727272725,34.54545454545455
60-85,PORTUGAL,male,i_ii,2,6,23,8.695652173913043,26.08695652173913
60-85,PORTUGAL,male,v_vi,0,0,0,0.0,0.0
60-85,PORTUGAL,female,iii_iv,5,9,49,10.204081632653061,18.367346938775512
60-85,PORTUGAL,female,i_ii,3,6,34,8.823529411764707,17.647058823529413
60-85,PORTUGAL,female,v_vi,0,1,2,0.0,50.0
60-85,SENEGAL,male,iii_iv,0,2,3,0.0,66.66666666666666
60-85,SENEGAL,male,i_ii,0,0,1,0.0,0.0
60-85,SENEGAL,male,v_vi,0,1,4,0.0,25.0
60-85,SENEGAL,female,iii_iv,0,1,1,0.0,100.0
60-85,SENEGAL,female,i_ii,0,0,0,0.0,0.0
60-85,SENEGAL,female,v_vi,0,0,0,0.0,0.0
0-19,INDIA,male,iii_iv,9,37,63,14.285714285714285,58.730158730158735
0-19,INDIA,male,i_ii,13,49,86,15.11627906976744,56.97674418604651
0-19,INDIA,male,v_vi,5,13,21,23.809523809523807,61.904761904761905
0-19,INDIA,female,iii_iv,10,46,60,16.666666666666664,76.66666666666667
0-19,INDIA,female,i_ii,12,32,56,21.428571428571427,57.14285714285714
0-19,INDIA,female,v_vi,2,5,6,33.33333333333333,83.33333333333334
0-19,SOUTH KOREA,male,iii_iv,0,7,11,0.0,63.63636363636363
0-19,SOUTH KOREA,male,i_ii,5,15,32,15.625,46.875
0-19,SOUTH KOREA,male,v_vi,0,0,0,0.0,0.0
0-19,SOUTH KOREA,female,iii_iv,3,20,25,12.0,80.0
0-19,SOUTH KOREA,female,i_ii,1,14,20,5.0,70.0
0-19,SOUTH KOREA,female,v_vi,0,0,0,0.0,0.0
0-19,AUSTRALIA,male,iii_iv,6,21,32,18.75,65.625
0-19,AUSTRALIA,male,i_ii,1,10,16,6.25,62.5
0-19,AUSTRALIA,male,v_vi,1,2,2,50.0,100.0
0-19,AUSTRALIA,female,iii_iv,8,22,30,26.666666666666668,73.33333333333333
0-19,AUSTRALIA,female,i_ii,9,30,42,21.428571428571427,71.42857142857143
0-19,AUSTRALIA,female,v_vi,0,3,4,0.0,75.0
0-19,CHINA,male,iii_iv,4,41,83,4.819277108433735,49.39759036144578
0-19,CHINA,male,i_ii,5,31,55,9.090909090909092,56.36363636363636
0-19,CHINA,male,v_vi,0,4,6,0.0,66.66666666666666
0-19,CHINA,female,iii_iv,9,36,76,11.842105263157894,47.368421052631575
0-19,CHINA,female,i_ii,5,11,35,14.285714285714285,31.428571428571427
0-19,CHINA,female,v_vi,1,2,2,50.0,100.0
0-19,ITALY,male,iii_iv,4,18,32,12.5,56.25
0-19,ITALY,male,i_ii,5,34,53,9.433962264150944,64.15094339622641
0-19,ITALY,male,v_vi,0,2,5,0.0,40.0
0-19,ITALY,female,iii_iv,3,8,13,23.076923076923077,61.53846153846154
0-19,ITALY,female,i_ii,9,18,37,24.324324324324326,48.64864864864865
0-19,ITALY,female,v_vi,0,0,1,0.0,0.0
0-19,DENMARK,male,iii_iv,1,3,12,8.333333333333332,25.0
0-19,DENMARK,male,i_ii,2,7,11,18.181818181818183,63.63636363636363
0-19,DENMARK,male,v_vi,0,1,3,0.0,33.33333333333333
0-19,DENMARK,female,iii_iv,1,5,6,16.666666666666664,83.33333333333334
0-19,DENMARK,female,i_ii,2,7,20,10.0,35.0
0-19,DENMARK,female,v_vi,0,0,0,0.0,0.0
0-19,POLAND,male,iii_iv,3,12,24,12.5,50.0
0-19,POLAND,male,i_ii,1,21,46,2.1739130434782608,45.65217391304348
0-19,POLAND,male,v_vi,0,0,2,0.0,0.0
0-19,POLAND,female,iii_iv,1,10,20,5.0,50.0
0-19,POLAND,female,i_ii,7,20,42,16.666666666666664,47.61904761904761
0-19,POLAND,female,v_vi,0,0,0,0.0,0.0
0-19,CANADA,male,iii_iv,3,22,29,10.344827586206897,75.86206896551724
0-19,CANADA,male,i_ii,3,24,31,9.67741935483871,77.41935483870968
0-19,CANADA,male,v_vi,0,6,11,0.0,54.54545454545454
0-19,CANADA,female,iii_iv,0,15,23,0.0,65.21739130434783
0-19,CANADA,female,i_ii,4,21,36,11.11111111111111,58.333333333333336
0-19,CANADA,female,v_vi,0,3,6,0.0,50.0
0-19,MEXICO,male,iii_iv,8,46,71,11.267605633802818,64.7887323943662
0-19,MEXICO,male,i_ii,2,9,19,10.526315789473683,47.368421052631575
0-19,MEXICO,male,v_vi,1,5,5,20.0,100.0
0-19,MEXICO,female,iii_iv,5,33,40,12.5,82.5
0-19,MEXICO,female,i_ii,6,14,23,26.08695652173913,60.86956521739131
0-19,MEXICO,female,v_vi,0,3,4,0.0,75.0
0-19,FRANCE,male,iii_iv,3,25,42,7.142857142857142,59.523809523809526
0-19,FRANCE,male,i_ii,8,44,68,11.76470588235294,64.70588235294117
0-19,FRANCE,male,v_vi,1,12,17,5.88235294117647,70.58823529411765
0-19,FRANCE,female,iii_iv,4,24,47,8.51063829787234,51.06382978723404
0-19,FRANCE,female,i_ii,11,28,63,17.46031746031746,44.44444444444444
0-19,FRANCE,female,v_vi,2,5,7,28.57142857142857,71.42857142857143
0-19,GERMANY,male,iii_iv,4,18,25,16.0,72.0
0-19,GERMANY,male,i_ii,4,39,65,6.153846153846154,60.0
0-19,GERMANY,male,v_vi,1,5,7,14.285714285714285,71.42857142857143
0-19,GERMANY,female,iii_iv,0,9,16,0.0,56.25
0-19,GERMANY,female,i_ii,8,41,77,10.38961038961039,53.246753246753244
0-19,GERMANY,female,v_vi,1,4,5,20.0,80.0
0-19,ISRAEL,male,iii_iv,1,15,21,4.761904761904762,71.42857142857143
0-19,ISRAEL,male,i_ii,0,9,15,0.0,60.0
0-19,ISRAEL,male,v_vi,0,0,0,0.0,0.0
0-19,ISRAEL,female,iii_iv,6,17,20,30.0,85.0
0-19,ISRAEL,female,i_ii,5,9,13,38.46153846153847,69.23076923076923
0-19,ISRAEL,female,v_vi,0,0,1,0.0,0.0
0-19,BRAZIL,male,iii_iv,3,27,60,5.0,45.0
0-19,BRAZIL,male,i_ii,2,14,39,5.128205128205128,35.8974358974359
0-19,BRAZIL,male,v_vi,1,6,16,6.25,37.5
0-19,BRAZIL,female,iii_iv,12,32,77,15.584415584415584,41.55844155844156
0-19,BRAZIL,female,i_ii,4,15,32,12.5,46.875
0-19,BRAZIL,female,v_vi,2,5,16,12.5,31.25
0-19,UNITED STATES,male,iii_iv,2,24,43,4.651162790697675,55.81395348837209
0-19,UNITED STATES,male,i_ii,10,42,66,15.151515151515152,63.63636363636363
0-19,UNITED STATES,male,v_vi,3,20,29,10.344827586206897,68.96551724137932
0-19,UNITED STATES,female,iii_iv,4,32,51,7.8431372549019605,62.745098039215684
0-19,UNITED STATES,female,i_ii,5,35,53,9.433962264150944,66.0377358490566
0-19,UNITED STATES,female,v_vi,1,14,24,4.166666666666666,58.333333333333336
0-19,SPAIN,male,iii_iv,7,23,40,17.5,57.49999999999999
0-19,SPAIN,male,i_ii,8,29,48,16.666666666666664,60.416666666666664
0-19,SPAIN,male,v_vi,0,2,5,0.0,40.0
0-19,SPAIN,female,iii_iv,6,12,28,21.428571428571427,42.857142857142854
0-19,SPAIN,female,i_ii,8,20,33,24.242424242424242,60.60606060606061
0-19,SPAIN,female,v_vi,0,1,2,0.0,50.0
0-19,SOUTH AFRICA,male,iii_iv,1,10,14,7.142857142857142,71.42857142857143
0-19,SOUTH AFRICA,male,i_ii,1,2,3,33.33333333333333,66.66666666666666
0-19,SOUTH AFRICA,male,v_vi,0,7,17,0.0,41.17647058823529
0-19,SOUTH AFRICA,female,iii_iv,2,10,13,15.384615384615385,76.92307692307693
0-19,SOUTH AFRICA,female,i_ii,0,2,2,0.0,100.0
0-19,SOUTH AFRICA,female,v_vi,1,7,10,10.0,70.0
0-19,KENYA,male,iii_iv,0,3,3,0.0,100.0
0-19,KENYA,male,i_ii,0,0,0,0.0,0.0
0-19,KENYA,male,v_vi,1,10,16,6.25,62.5
0-19,KENYA,female,iii_iv,1,5,6,16.666666666666664,83.33333333333334
0-19,KENYA,female,i_ii,0,0,1,0.0,0.0
0-19,KENYA,female,v_vi,0,4,8,0.0,50.0
0-19,UNITED ARAB EMIRATES,male,iii_iv,0,4,4,0.0,100.0
0-19,UNITED ARAB EMIRATES,male,i_ii,3,8,9,33.33333333333333,88.88888888888889
0-19,UNITED ARAB EMIRATES,male,v_vi,0,1,1,0.0,100.0
0-19,UNITED ARAB EMIRATES,female,iii_iv,0,2,2,0.0,100.0
0-19,UNITED ARAB EMIRATES,female,i_ii,0,1,2,0.0,50.0
0-19,UNITED ARAB EMIRATES,female,v_vi,0,0,0,0.0,0.0
0-19,PORTUGAL,male,iii_iv,1,6,11,9.090909090909092,54.54545454545454
0-19,PORTUGAL,male,i_ii,2,8,12,16.666666666666664,66.66666666666666
0-19,PORTUGAL,male,v_vi,0,3,4,0.0,75.0
0-19,PORTUGAL,female,iii_iv,2,5,15,13.333333333333334,33.33333333333333
0-19,PORTUGAL,female,i_ii,0,1,7,0.0,14.285714285714285
0-19,PORTUGAL,female,v_vi,1,3,3,33.33333333333333,100.0
0-19,SENEGAL,male,iii_iv,0,1,5,0.0,20.0
0-19,SENEGAL,male,i_ii,0,0,0,0.0,0.0
0-19,SENEGAL,male,v_vi,1,6,12,8.333333333333332,50.0
0-19,SENEGAL,female,iii_iv,0,3,4,0.0,75.0
0-19,SENEGAL,female,i_ii,0,0,1,0.0,0.0
0-19,SENEGAL,female,v_vi,0,4,8,0.0,50.0
